id,title,url,type,date_added
S-001,"Build with Google Antigravity, our new agentic development platform","https://developers.googleblog.com/build-with-google-antigravity-our-new-agentic-development-platform/","blog",2026-02-26
S-002,"Antigravity: Free Gemini 3 Pro, Claude 3.5 Sonnet, and My Vibe-Coding Workflow","https://pub.aimind.so/antigravity-free-gemini-3-pro-claude-3-5-sonnet-and-my-vibe-coding-workflow-6ea5a1305623","article",2026-02-26
S-003,"I Connected NotebookLM + AntiGravity + Obsidian Into One AI Research Agent","https://www.reddit.com/r/startups_promotion/comments/1qon7sj/i_connected_notebooklm_antigravity_obsidian_into/","reddit",2026-02-26
S-004,"How I Use AI With My Obsidian Vault Every Day: 16 Practical Use Cases","https://www.dsebastien.net/how-i-use-ai-with-my-obsidian-vault-every-day-16-practical-use-cases/","article",2026-02-26
S-005,"Introducing Google Antigravity, a New Era in AI-Assisted Software Development","https://antigravity.google/blog/introducing-google-antigravity","blog",2026-02-26
S-006,"Google Antigravity Explained: From Beginner to Expert Guide","https://helply.com/blog/google-antigravity-explained","guide",2026-02-26
S-007,"Google Antigravity Features - AI Agents, Multi-Model Support & More","https://antigravity.im/features","docs",2026-02-26
S-008,"Google Antigravity and Gemini 3: A New Era of Agentic Development","https://medium.com/@vfcarida/google-antigravity-and-gemini-3-a-new-era-of-agentic-development-f952ffe93b19","article",2026-02-26
S-009,"Models - Google Antigravity Documentation","https://antigravity.google/docs/models","docs",2026-02-26
S-010,"Gemini 3.1 Pro, Building with Advanced Intelligence in Google Antigravity","https://antigravity.google/blog/gemini-3-1-pro-in-google-antigravity","blog",2026-02-26
S-011,"Gemini 3.1 Pro: A smarter model for your most complex tasks","https://blog.google/innovation-and-ai/models-and-research/gemini-models/gemini-3-1-pro/","blog",2026-02-26
S-012,"Getting Started with Google Antigravity","https://codelabs.developers.google.com/getting-started-google-antigravity","codelab",2026-02-26
S-013,"Knowledge - Google Antigravity Documentation","https://antigravity.google/docs/knowledge","docs",2026-02-26
S-014,"Authoring Google Antigravity Skills","https://codelabs.developers.google.com/getting-started-with-antigravity-skills","codelab",2026-02-26
S-015,"Tutorial : Getting Started with Google Antigravity Skills","https://medium.com/google-cloud/tutorial-getting-started-with-antigravity-skills-864041811e0d","tutorial",2026-02-26
S-016,"I put Claude Code inside Obsidian, and it was awesome","https://www.xda-developers.com/claude-code-inside-obsidian-and-it-was-eye-opening/","article",2026-02-26
S-017,"Obsidian vs Notion (2026)","https://photes.io/blog/posts/obsidian-vs-notion","article",2026-02-26
S-018,"Using antigravity (Gemini 3) to read/write/manage my project vault","https://www.reddit.com/r/ObsidianMD/comments/1pijwcj/using_antigravity_gemini_3_to_readwritemanage_my/","reddit",2026-02-26
S-019,"CLI is ALL you need","https://dev.to/lucifer1004/cli-is-all-you-need-4n2o","article",2026-02-26
S-020,"New Plugin: Agent Client","https://forum.obsidian.md/t/new-plugin-agent-client-bring-claude-code-codex-gemini-cli-inside-obsidian/108448","forum",2026-02-26
S-021,"The Complete Obsidian CLI Setup Guide","https://zenn.dev/sora_biz/articles/obsidian-cli-setup-guide?locale=en","guide",2026-02-26
S-022,"skills/skills/adolago/obsidian-cli/SKILL.md at main","https://github.com/openclaw/skills/blob/main/skills/adolago/obsidian-cli/SKILL.md","github",2026-02-26
S-023,"Obsidian 1.12.2 Desktop","https://obsidian.md/changelog/2026-02-18-desktop-v1.12.2/","changelog",2026-02-26
S-024,"Changelog - Obsidian","https://obsidian.md/changelog/","changelog",2026-02-26
S-025,"How are you using CLI besides AI?","https://www.reddit.com/r/ObsidianMD/comments/1r9ezpw/how_are_you_using_cli_besides_ai/","reddit",2026-02-26
S-026,"Obsidian Skills — Empowering AI Agents to Master Obsidian Knowledge Management","https://addozhang.medium.com/obsidian-skills-empowering-ai-agents-to-master-obsidian-knowledge-management-8b4f6d844b34","article",2026-02-26
S-027,"Master Google Antigravity Skills","https://vertu.com/lifestyle/mastering-google-antigravity-skills-a-comprehensive-guide-to-agentic-extensions-in-2026/","article",2026-02-26
S-028,"Agent Skills Deep Dive","https://addozhang.medium.com/agent-skills-deep-dive-building-a-reusable-skills-ecosystem-for-ai-agents-ccb1507b2c0f","article",2026-02-26
S-029,"Davisbuilds Dojo Obsidian Bases","https://lobehub.com/ru/skills/davisbuilds-dojo-obsidian-bases","skills",2026-02-26
S-030,"Obsidian Bases Manager - Claude Code Skill","https://mcpmarket.com/tools/skills/obsidian-bases-manager-7","skills",2026-02-26
S-031,"Obsidian Bases — What are they good for","https://fleker.medium.com/obsidian-bases-what-are-they-good-for-and-what-are-they-not-da620006cb34","article",2026-02-26
S-032,"json-canvas | Skills Marketplace","https://lobehub.com/skills/einverne-agent-skills-json-canvas","skills",2026-02-26
S-033,"json-canvas | Skills Marketplace","https://lobehub.com/skills/kepano-obsidian-skills-json-canvas","skills",2026-02-26
S-034,"Unveiling the JSON Canvas MCP Server","https://skywork.ai/skypage/en/json-canvas-mcp-server-ai-engineers/1978652666416635904","article",2026-02-26
S-035,"Building with Gemini 3.1 Pro: The Ultimate Coding Agent Tutorial","https://www.datacamp.com/tutorial/building-with-gemini-3-1-pro-coding-agent-tutorial","tutorial",2026-02-26
S-036,"Anti Gravity Explained","https://zenn.dev/neotechpark/articles/578723a5457e76","article",2026-02-26
S-037,"Google Antigravity vs Claude Code","https://www.augmentcode.com/tools/google-antigravity-vs-claude-code","article",2026-02-26
S-038,"Obsidian plugin for Vector Search","https://www.obsidianstats.com/plugins/vector-search","plugin",2026-02-26
S-039,"ashwin271/obsidian-vector-search","https://github.com/ashwin271/obsidian-vector-search","github",2026-02-26
S-040,"EzRAG - Simple Semantic Search for Obsidian","https://www.reddit.com/r/ObsidianMD/comments/1ozohwo/ezrag_simple_semantic_search_for_obsidian_using/","reddit",2026-02-26
S-041,"ToKiDoO/mcp-obsidian-advanced","https://github.com/ToKiDoO/mcp-obsidian-advanced","github",2026-02-26
S-042,"All semantic-search Obsidian Plugins","https://www.obsidianstats.com/tags/semantic-search","plugin",2026-02-26
S-043,"From Requirements to Release","https://addozhang.medium.com/from-requirements-to-release-automated-development-of-nexus-mcp-server-using-openclaw-ralph-loop-d6f9577d7997","article",2026-02-26
S-044,"interactive-writing-assistant","https://lobehub.com/ar/skills/jykim-claude-obsidian-skills-interactive-writing-assistant","skills",2026-02-26
